{"cameraMode":{"drawMode":0,"name":"Shaded","section":"Shading Mode"},"sceneLighting":false,"audioPlay":false,"sceneViewState":{"showFog":true,"showMaterialUpdate":false,"showSkybox":true,"showFlares":true,"showImageEffects":true,"showParticleSystems":true},"in2DMode":false,"pivot":{"x":767.1554565429688,"y":318.9566955566406,"z":349.32275390625},"rotation":{"x":-0.01080967579036951,"y":-0.008403572253882885,"z":0.0000903595719137229,"w":-0.9999063014984131},"size":784.6611328125,"orthographic":false}