{"cameraMode":{"drawMode":0,"name":"Shaded","section":"Shading Mode"},"sceneLighting":false,"audioPlay":false,"sceneViewState":{"showFog":true,"showMaterialUpdate":false,"showSkybox":true,"showFlares":true,"showImageEffects":true,"showParticleSystems":true},"in2DMode":false,"pivot":{"x":262.43267822265627,"y":64.23968505859375,"z":-481.08343505859377},"rotation":{"x":0.074592724442482,"y":-0.1984885334968567,"z":-0.01515263319015503,"w":-0.9771431684494019},"size":0.561266303062439,"orthographic":false}