{"cameraMode":{"drawMode":0,"name":"Shaded","section":"Shading Mode"},"sceneLighting":true,"audioPlay":false,"sceneViewState":{"showFog":true,"showMaterialUpdate":false,"showSkybox":true,"showFlares":true,"showImageEffects":true,"showParticleSystems":true},"in2DMode":false,"pivot":{"x":7.528698444366455,"y":2.7126412391662599,"z":-2.7175803184509279},"rotation":{"x":-0.1654481440782547,"y":0.6499432921409607,"z":-0.14794272184371949,"w":-0.7268518805503845},"size":10.0,"orthographic":false}